[{"id":"user-image-photo-1512917774080-9991f1c4c750.jpeg","publicUrl":"np://user.desktop.nicepage.com/Site_9535621/images/photo-1512917774080-9991f1c4c750.jpeg","size":144389,"hash":"+0LF9VeM/CaHcoSW9+tRTL/7Qgs=","fileName":"photo-1512917774080-9991f1c4c750.jpeg","name":"photo-1512917774080-9991f1c4c750","width":1080,"height":720,"thumbnail":{"url":"np://user.desktop.nicepage.com/Site_9535621/images/thumbnails/photo-1512917774080-9991f1c4c750.jpeg","width":250,"height":167},"folderId":null,"originalUrl":"https://images.unsplash.com/photo-1512917774080-9991f1c4c750?crop=entropy&cs=tinysrgb&fit=max&fm=jpg&ixid=M3w1NzgzNjl8MHwxfGNvbGxlY3Rpb258NXw4NTI0MTM0fHx8fHwyfHwxNzI5NTgxODM1fA&ixlib=rb-4.0.3&q=80&w=1080","usages":["46388479"]},{"id":"user-image-photo-1529316644641-bf9dfe0b72df.jpeg","publicUrl":"np://user.desktop.nicepage.com/Site_9535621/images/photo-1529316644641-bf9dfe0b72df.jpeg","size":410065,"hash":"I8FBT1vEaAmQCVFnw7yWgbZqUUc=","fileName":"photo-1529316644641-bf9dfe0b72df.jpeg","name":"photo-1529316644641-bf9dfe0b72df","width":1080,"height":1625,"thumbnail":{"url":"np://user.desktop.nicepage.com/Site_9535621/images/thumbnails/photo-1529316644641-bf9dfe0b72df.jpeg","width":166,"height":250},"folderId":null,"originalUrl":"https://images.unsplash.com/photo-1529316644641-bf9dfe0b72df?crop=entropy&cs=tinysrgb&fit=max&fm=jpg&ixid=M3w1NzgzNjl8MHwxfGNvbGxlY3Rpb258Nnw4NTI0MTM0fHx8fHwyfHwxNzI5NTgxODM1fA&ixlib=rb-4.0.3&q=80&w=1080","usages":["46388479"]},{"id":"user-image-photo-1519311726-5cced7383240.jpeg","publicUrl":"np://user.desktop.nicepage.com/Site_9535621/images/photo-1519311726-5cced7383240.jpeg","size":212901,"hash":"EuFe5DMgMnzGByNqyHx9P1iLWzE=","fileName":"photo-1519311726-5cced7383240.jpeg","name":"photo-1519311726-5cced7383240","width":1080,"height":1080,"thumbnail":{"url":"np://user.desktop.nicepage.com/Site_9535621/images/thumbnails/photo-1519311726-5cced7383240.jpeg","width":250,"height":250},"folderId":null,"originalUrl":"https://images.unsplash.com/photo-1519311726-5cced7383240?crop=entropy&cs=tinysrgb&fit=max&fm=jpg&ixid=M3w1NzgzNjl8MHwxfGNvbGxlY3Rpb258N3w4NTI0MTM0fHx8fHwyfHwxNzI5NTgxODM1fA&ixlib=rb-4.0.3&q=80&w=1080","usages":["46388479"]},{"id":"user-image-photo-1582268611958-ebfd161ef9cf.jpeg","publicUrl":"np://user.desktop.nicepage.com/Site_9535621/images/photo-1582268611958-ebfd161ef9cf.jpeg","size":201029,"hash":"7eKQGEQntp2IGTesdHR0aYG6ZtY=","fileName":"photo-1582268611958-ebfd161ef9cf.jpeg","name":"photo-1582268611958-ebfd161ef9cf","width":1080,"height":720,"thumbnail":{"url":"np://user.desktop.nicepage.com/Site_9535621/images/thumbnails/photo-1582268611958-ebfd161ef9cf.jpeg","width":250,"height":167},"folderId":null,"originalUrl":"https://images.unsplash.com/photo-1582268611958-ebfd161ef9cf?crop=entropy&cs=tinysrgb&fit=max&fm=jpg&ixid=M3w1NzgzNjl8MHwxfGNvbGxlY3Rpb258MXx1QXl5Y1B0MFlPWXx8fHx8Mnx8MTcyOTU4MTgzNnw&ixlib=rb-4.0.3&q=80&w=1080","usages":["46388479"]},{"id":"user-image-photo-1577413978607-cca266472263.jpeg","publicUrl":"np://user.desktop.nicepage.com/Site_9535621/images/photo-1577413978607-cca266472263.jpeg","size":217651,"hash":"7Lh+ed1b3xOXENvsZKhb6kF52N0=","fileName":"photo-1577413978607-cca266472263.jpeg","name":"photo-1577413978607-cca266472263","width":1080,"height":1620,"thumbnail":{"url":"np://user.desktop.nicepage.com/Site_9535621/images/thumbnails/photo-1577413978607-cca266472263.jpeg","width":167,"height":250},"folderId":null,"originalUrl":"https://images.unsplash.com/photo-1577413978607-cca266472263?crop=entropy&cs=tinysrgb&fit=max&fm=jpg&ixid=M3w1NzgzNjl8MHwxfGNvbGxlY3Rpb258MXw4NTI0MTM0fHx8fHwyfHwxNzI5NTgxODM1fA&ixlib=rb-4.0.3&q=80&w=1080","usages":["46388479"]},{"id":"user-image-photo-1564130258748-b6a4440d7d92.jpeg","publicUrl":"np://user.desktop.nicepage.com/Site_9535621/images/photo-1564130258748-b6a4440d7d92.jpeg","size":314725,"hash":"+VHxEKx3lR19cZSQcsOhQfaXoUs=","fileName":"photo-1564130258748-b6a4440d7d92.jpeg","name":"photo-1564130258748-b6a4440d7d92","width":1080,"height":1440,"thumbnail":{"url":"np://user.desktop.nicepage.com/Site_9535621/images/thumbnails/photo-1564130258748-b6a4440d7d92.jpeg","width":188,"height":250},"folderId":null,"originalUrl":"https://images.unsplash.com/photo-1564130258748-b6a4440d7d92?crop=entropy&cs=tinysrgb&fit=max&fm=jpg&ixid=M3w1NzgzNjl8MHwxfGNvbGxlY3Rpb258MTR8ODUyNDEzNHx8fHx8Mnx8MTcyOTU4MTgzNXw&ixlib=rb-4.0.3&q=80&w=1080","usages":["46388479"]},{"id":"user-image-photo-1470376619031-a6791e534bf0.jpeg","publicUrl":"np://user.desktop.nicepage.com/Site_9535621/images/photo-1470376619031-a6791e534bf0.jpeg","size":145457,"hash":"ugG52lZ+Mf/CvU26Z61fcrqRCzo=","fileName":"photo-1470376619031-a6791e534bf0.jpeg","name":"photo-1470376619031-a6791e534bf0","width":1080,"height":720,"thumbnail":{"url":"np://user.desktop.nicepage.com/Site_9535621/images/thumbnails/photo-1470376619031-a6791e534bf0.jpeg","width":250,"height":167},"folderId":null,"originalUrl":"https://images.unsplash.com/photo-1470376619031-a6791e534bf0?crop=entropy&cs=tinysrgb&fit=max&fm=jpg&ixid=M3w1NzgzNjl8MHwxfGNvbGxlY3Rpb258MTZ8ODUyNDEzNHx8fHx8Mnx8MTcyOTU4MTgzNXw&ixlib=rb-4.0.3&q=80&w=1080","usages":["46388479"]},{"id":"user-image-photo-1511933801659-156d99ebea3e.jpeg","publicUrl":"np://user.desktop.nicepage.com/Site_9535621/images/photo-1511933801659-156d99ebea3e.jpeg","size":208578,"hash":"cOvGo5ShA7i6lxIkWkg6Ei3eV0s=","fileName":"photo-1511933801659-156d99ebea3e.jpeg","name":"photo-1511933801659-156d99ebea3e","width":1080,"height":1620,"thumbnail":{"url":"np://user.desktop.nicepage.com/Site_9535621/images/thumbnails/photo-1511933801659-156d99ebea3e.jpeg","width":167,"height":250},"folderId":null,"originalUrl":"https://images.unsplash.com/photo-1511933801659-156d99ebea3e?crop=entropy&cs=tinysrgb&fit=max&fm=jpg&ixid=M3w1NzgzNjl8MHwxfGNvbGxlY3Rpb258MTN8ODUyNDEzNHx8fHx8Mnx8MTcyOTU4MTgzNXw&ixlib=rb-4.0.3&q=80&w=1080","usages":["46388479"]},{"id":"user-image-photo-1558658862-77693bcc4e97.jpeg","publicUrl":"np://user.desktop.nicepage.com/Site_9535621/images/photo-1558658862-77693bcc4e97.jpeg","size":156847,"hash":"AmHh2a5494QBW9P0sHrMkWHQ1qI=","fileName":"photo-1558658862-77693bcc4e97.jpeg","name":"photo-1558658862-77693bcc4e97","width":1080,"height":833,"thumbnail":{"url":"np://user.desktop.nicepage.com/Site_9535621/images/thumbnails/photo-1558658862-77693bcc4e97.jpeg","width":250,"height":193},"folderId":null,"originalUrl":"https://images.unsplash.com/photo-1558658862-77693bcc4e97?crop=entropy&cs=tinysrgb&fit=max&fm=jpg&ixid=M3w1NzgzNjl8MHwxfGNvbGxlY3Rpb258MTV8ODUyNDEzNHx8fHx8Mnx8MTcyOTU4MTgzNXw&ixlib=rb-4.0.3&q=80&w=1080","usages":["46388479"]},{"id":"user-image-tum1.jpg","publicUrl":"np://user.desktop.nicepage.com/Site_9535621/images/tum1.jpg","size":75171,"hash":"LQ1iU/iR42uWXVqKEh0V+tvx8/A=","fileName":"tum1.jpg","name":"tum1","width":700,"height":393,"thumbnail":{"url":"np://user.desktop.nicepage.com/Site_9535621/images/thumbnails/tum1.jpg","width":250,"height":140},"folderId":null,"usages":["46388479"]},{"id":"user-image-polza-plavaniya.jpg","publicUrl":"np://user.desktop.nicepage.com/Site_9535621/images/polza-plavaniya.jpg","size":83372,"hash":"rLZ2a07j0+jWYsFf2GhRvDLyxxk=","fileName":"polza-plavaniya.jpg","name":"polza-plavaniya","width":639,"height":445,"thumbnail":{"url":"np://user.desktop.nicepage.com/Site_9535621/images/thumbnails/polza-plavaniya.jpg","width":250,"height":174},"folderId":null,"usages":["46388479"]},{"id":"user-image-obchenie-detej-s-3-do-6-let-768x1024.jpg","publicUrl":"np://user.desktop.nicepage.com/Site_9535621/images/obchenie-detej-s-3-do-6-let-768x1024.jpg","size":169784,"hash":"8Yp7BX7lpCUI9OcvJd5s1Y9r/kQ=","fileName":"obchenie-detej-s-3-do-6-let-768x1024.jpg","name":"obchenie-detej-s-3-do-6-let-768x1024","width":768,"height":1024,"thumbnail":{"url":"np://user.desktop.nicepage.com/Site_9535621/images/thumbnails/obchenie-detej-s-3-do-6-let-768x1024.jpg","width":188,"height":250},"folderId":null,"usages":["46388479"]},{"id":"user-image-pictures420-2-02-12-2020-16-56-32.jpg","publicUrl":"np://user.desktop.nicepage.com/Site_9535621/images/pictures420-2-02-12-2020-16-56-32.jpg","size":253566,"hash":"ZJBbvkUm78QPLf7eY8zFfpFimHQ=","fileName":"pictures420-2-02-12-2020-16-56-32.jpg","name":"pictures420-2-02-12-2020-16-56-32","width":1000,"height":667,"thumbnail":{"url":"np://user.desktop.nicepage.com/Site_9535621/images/thumbnails/pictures420-2-02-12-2020-16-56-32.jpg","width":250,"height":167},"folderId":null,"usages":["46388479"]},{"id":"user-image-images.png","publicUrl":"np://user.desktop.nicepage.com/Site_9535621/images/images.png","size":6898,"hash":"8SYB8byY7RYg0NptH4ePcYKRlHY=","fileName":"images.png","name":"images","width":225,"height":225,"thumbnail":{"url":"np://user.desktop.nicepage.com/Site_9535621/images/thumbnails/images.png","width":225,"height":225,"length":6898,"type":"png"},"folderId":null,"usages":[]},{"id":"user-image-FlEZiq11cspx-1.jpg","publicUrl":"np://user.desktop.nicepage.com/Site_9535621/images/FlEZiq11cspx-1.jpg","size":137954,"hash":"DStI+NhVmN3qfFq9zgjk+SlU34Y=","fileName":"FlEZiq11cspx-1.jpg","name":"FlEZiq11cspx-1","width":1024,"height":647,"thumbnail":{"url":"np://user.desktop.nicepage.com/Site_9535621/images/thumbnails/FlEZiq11cspx-1.jpg","width":250,"height":158},"folderId":null,"usages":["46388479"]}]