[{"id":266657621,"title":"Blog Template","order":1,"templateKey":"blog","customTemplate":false,"customTemplateFilename":null,"pageLinks":[],"dateCreated":"2024-10-18T10:10:14.810Z","dateUpdated":"2024-10-18T10:10:16.252Z","folderId":null,"pageName":"Blog Template","serverPageId":null,"sectionCount":1,"status":2,"backwardUrl":null},{"id":73757868,"title":"Post Template","order":2,"templateKey":"post","customTemplate":false,"customTemplateFilename":null,"pageLinks":[],"dateCreated":"2024-10-18T10:10:14.968Z","dateUpdated":"2024-10-18T10:10:16.252Z","folderId":null,"pageName":"Post Template","serverPageId":null,"sectionCount":1,"status":2,"backwardUrl":null},{"id":5242214,"title":"Product List Template","order":3,"templateKey":"products","customTemplate":false,"customTemplateFilename":null,"pageLinks":[],"dateCreated":"2024-10-18T10:10:15.122Z","dateUpdated":"2024-10-18T10:10:16.253Z","folderId":null,"pageName":"Product List Template","serverPageId":null,"sectionCount":1,"status":2,"backwardUrl":null},{"id":34136204,"title":"Product Details Template","order":4,"templateKey":"product","customTemplate":false,"customTemplateFilename":null,"pageLinks":[],"dateCreated":"2024-10-18T10:10:15.260Z","dateUpdated":"2024-10-18T10:10:16.253Z","folderId":null,"pageName":"Product Details Template","serverPageId":null,"sectionCount":1,"status":2,"backwardUrl":null},{"id":1291118754,"title":"Shopping Cart Template","order":5,"templateKey":"cart","customTemplate":false,"customTemplateFilename":null,"pageLinks":[],"dateCreated":"2024-10-18T10:10:15.378Z","dateUpdated":"2024-10-18T10:10:16.254Z","folderId":null,"pageName":"Shopping Cart Template","serverPageId":null,"sectionCount":1,"status":2,"backwardUrl":null},{"id":724813475,"title":"Checkout Template","order":6,"templateKey":"checkout","customTemplate":false,"customTemplateFilename":null,"pageLinks":[],"dateCreated":"2024-10-18T10:10:15.537Z","dateUpdated":"2024-10-18T10:10:16.254Z","folderId":null,"pageName":"Checkout Template","serverPageId":null,"sectionCount":1,"status":2,"backwardUrl":null},{"id":79313298,"title":"Login Template","order":7,"templateKey":"login","customTemplate":false,"customTemplateFilename":null,"pageLinks":[],"dateCreated":"2024-10-18T10:10:15.630Z","dateUpdated":"2024-10-18T10:10:16.254Z","folderId":null,"pageName":"Login Template","serverPageId":null,"sectionCount":1,"status":2,"backwardUrl":null},{"id":165700326,"title":"Search Page Template","order":8,"templateKey":"Search","customTemplate":false,"customTemplateFilename":null,"pageLinks":[],"dateCreated":"2024-10-18T10:10:15.700Z","dateUpdated":"2024-10-18T10:10:16.254Z","folderId":null,"pageName":"Search Page Template","serverPageId":null,"sectionCount":1,"status":2,"backwardUrl":null},{"id":94289328,"title":"Page Password Template","order":9,"templateKey":"password","customTemplate":false,"customTemplateFilename":null,"pageLinks":[],"dateCreated":"2024-10-18T10:10:15.780Z","dateUpdated":"2024-10-18T10:10:16.254Z","folderId":null,"pageName":"Page Password Template","serverPageId":null,"sectionCount":1,"status":2,"backwardUrl":null},{"id":82308603,"title":"404 Not Found Template","order":10,"templateKey":"404","customTemplate":false,"customTemplateFilename":null,"pageLinks":[],"dateCreated":"2024-10-18T10:10:15.847Z","dateUpdated":"2024-10-18T10:10:16.254Z","folderId":null,"pageName":"404 Not Found Template","serverPageId":null,"sectionCount":1,"status":2,"backwardUrl":null},{"id":2571602133,"title":"Thank You Page Template","order":11,"templateKey":"ThankYou","customTemplate":false,"customTemplateFilename":null,"pageLinks":[],"dateCreated":"2024-10-18T10:10:15.906Z","dateUpdated":"2024-10-18T10:10:16.254Z","folderId":null,"pageName":"Thank You Page Template","serverPageId":null,"sectionCount":1,"status":2,"backwardUrl":null},{"id":46388479,"title":"Главная","order":50,"templateKey":null,"customTemplate":false,"customTemplateFilename":null,"pageLinks":[],"dateCreated":"2024-10-18T10:10:16.745Z","dateUpdated":"2024-10-23T10:11:22.370Z","folderId":null,"pageName":"Главная_46388479","serverPageId":null,"sectionCount":8,"status":2,"backwardUrl":null},{"id":80869799,"title":"О нас","order":100,"templateKey":null,"customTemplate":false,"customTemplateFilename":null,"pageLinks":[],"dateCreated":"2024-10-18T10:10:15.948Z","dateUpdated":"2024-10-18T10:10:16.255Z","folderId":null,"pageName":"О нас_80869799","serverPageId":null,"sectionCount":1,"status":2,"backwardUrl":null},{"id":142004141,"title":"Контакты","order":101,"templateKey":null,"customTemplate":false,"customTemplateFilename":null,"pageLinks":[],"dateCreated":"2024-10-18T10:10:15.980Z","dateUpdated":"2024-10-18T10:10:16.255Z","folderId":null,"pageName":"Контакты_142004141","serverPageId":null,"sectionCount":1,"status":2,"backwardUrl":null}]